<?xml version="1.0" encoding="utf-8"?>
<odoo>
    <data>

        <record id="account_asset_category_multi_company_rule" model="ir.rule">
            <field name="name">Account Asset Category multi-company</field>
            <field name="model_id" ref="model_account_asset_category"/>
            <field name="global" eval="True"/>
            <field name="domain_force">['|',('company_id','=',False),('company_id','child_of',[user.company_id.id])]</field>
        </record>

        <record id="account_asset_asset_multi_company_rule" model="ir.rule">
            <field name="name">Account Asset multi-company</field>
            <field name="model_id" ref="model_account_asset_asset"/>
            <field name="global" eval="True"/>
            <field name="domain_force">['|',('company_id','=',False),('company_id','child_of',[user.company_id.id])]</field>
        </record>

        <record id="account_asset_depreciation_line_multi_company_rule" model="ir.rule">
            <field name="name">Account Asset Depreciation Line multi-company</field>
            <field name="model_id" ref="model_account_asset_depreciation_line"/>
            <field name="global" eval="True"/>
            <field name="domain_force">['|',('company_id','=',False),('company_id','child_of',[user.company_id.id])]</field>
        </record>

        <record id="account_asset_asset_perm_unlink_rule" model="ir.rule">
            <field name="name">Account Asset - Can unlink only draft</field>
            <field name="model_id" ref="model_account_asset_asset"/>
            <field name="global" eval="True"/>
            <field name="perm_read" eval="False"/>
            <field name="perm_create" eval="False"/>
            <field name="perm_write" eval="False"/>
            <field name="perm_unlink" eval="True"/>
            <field name="domain_force">[('state','=','draft')]</field>
        </record>

    </data>
</odoo>
