<?xml version="1.0" encoding="UTF-8"?>
<odoo>
        <record id="employee_visibility" model="ir.rule">
            <field name="name">Discipline Visibility</field>
            <field ref="model_disciplinary_action" name="model_id"/>
            <field name="domain_force">[('employee_name.address_home_id.id','=',user.partner_id.id),('state','!=','draft')]</field>
            <field name="groups" eval="[(4, ref('base.group_user'))]"/>
        </record>
         <record id="admins_visibility" model="ir.rule">
                <field name="name">Administrator Visibility</field>
                <field ref="model_disciplinary_action" name="model_id"/>
                <field name="domain_force">[]</field>
                <field name="groups" eval="[(4, ref('hr.group_hr_manager'))]"/>
         </record>
    </odoo>
