"id","name","model_id:id","group_id:id","perm_read","perm_write","perm_create","perm_unlink"
"ir_model_access_audit_rule_group_erp_manager","Audit Rule Manager","model_audit_rule","base.group_erp_manager",1,1,1,1
"ir_model_access_audit_rule_group_user","Audit Rule User","model_audit_rule","base.group_user",1,0,0,0
"ir_model_access_audit_log_group_system","Audit Log Manager","model_audit_log","base.group_system",1,0,1,0
"ir_model_access_audit_log_group_user","Audit Log User","model_audit_log","base.group_user",1,0,0,0
