<?xml version="1.0" encoding="utf-8"?>
<odoo>
    
    <data noupdate="1">
        <!--<record id="hr_payroll_community.hr_rule_basic" model="hr.salary.rule">
            <field name="rule_amount_type">to_sum</field>
        </record>
        <record id="hr_payroll_community.hr_rule_taxable" model="hr.salary.rule">
            <field name="rule_amount_type">is_aggregate</field>
        </record>
        <record id="hr_payroll_community.hr_rule_net" model="hr.salary.rule">
            <field name="rule_amount_type">is_aggregate</field>
        </record>-->
        
        
        
        <record id="hr_payroll_community.BASIC" model="hr.salary.rule.category">
            <field name="cat_amount_type">to_sum</field>
        </record>
        <record id="hr_payroll_community.ALW" model="hr.salary.rule.category">
            <field name="cat_amount_type">to_sum</field>
        </record>
        <record id="hr_payroll_community.DED" model="hr.salary.rule.category">
            <field name="cat_amount_type">to_sub</field>
        </record>
        <record id="hr_payroll_community.GROSS" model="hr.salary.rule.category">
            <field name="cat_amount_type">is_aggregate</field>
        </record>
        <record id="hr_payroll_community.NET" model="hr.salary.rule.category">
            <field name="cat_amount_type">is_aggregate</field>
        </record>
        <record id="hr_payroll_community.COMP" model="hr.salary.rule.category">
            <field name="cat_amount_type">other</field>
        </record>
    </data>

</odoo>
